{
  "XGBoost": {
    "MAE": 3.157445093806909,
    "RMSE": 5.303751091413308,
    "R2": 0.57989261727813,
    "CV_MAE": 3.3328693426023484
  },
  "RandomForest": {
    "MAE": 3.0542802510068814,
    "RMSE": 5.223368838799144,
    "R2": 0.5925301935179748,
    "CV_MAE": 3.212066028954278
  },
  "LightGBM": {
    "MAE": 3.05777783282082,
    "RMSE": 5.22072141028168,
    "R2": 0.5929431353726201,
    "CV_MAE": 3.2983873631853884
  }
}