{
  "XGBoost": {
    "MAE": 2.934448211749935,
    "RMSE": 4.805293943676392,
    "R2": 0.6258448737296219,
    "CV_MAE": 3.169549017518956
  },
  "RandomForest": {
    "MAE": 2.9081516787878683,
    "RMSE": 4.787082563455306,
    "R2": 0.6286754890991392,
    "CV_MAE": 3.1334396369633923
  },
  "LightGBM": {
    "MAE": 2.9016302789375867,
    "RMSE": 4.765201476850167,
    "R2": 0.6320622761831128,
    "CV_MAE": 3.1110047575955164
  }
}