request_id,delivery_person_id,delivery_person_name,start_lat,start_lng,total_stops,total_time_minutes,total_distance_meters,route_note
REQ_20250611_105925_586603,69ca617c-9259-492f-a73a-e9e351204678,Keerthan,13.2144,74.9989,1,121,0,
REQ_20250611_105925_586603,new-driver-2,Meera,13.1315,74.7594,3,241,102511.13699999999,
REQ_20250611_112930_718878,dp-001,Rahul,13.3523,74.7848,1,61,0,
REQ_20250611_112930_718878,dp-002,Divya,13.2914,74.772,3,246,25364.43499999999,
REQ_20250611_113739_696363,dp-001,Rahul,13.3523,74.7848,1,61,0,
REQ_20250611_113739_696363,dp-002,Divya,13.2914,74.772,3,246,25364.43499999999,
